<?xml version="1.0" ?>

<container xmlns="http://symfony.com/schema/dic/services"
           xmlns:xsi="http://www.w3.org/2001/XMLSchema-instance"
           xsi:schemaLocation="http://symfony.com/schema/dic/services http://symfony.com/schema/dic/services/services-1.0.xsd">

    <services>
        <!-- SUBSCRIBER -->
        <service id="swag_extend_custom_products.subscriber.backend" class="SwagExtendCustomProducts\Subscriber\Backend">
            <argument type="service" id="service_container" />
            <tag name="shopware.event_subscriber" />
        </service>

        <service id="swag_extend_custom_products.subscriber.frontend" class="SwagExtendCustomProducts\Subscriber\Frontend">
            <argument type="service" id="service_container" />
            <tag name="shopware.event_subscriber" />
        </service>

        <service id="swag_extend_custom_products.subscriber.type_factory" class="SwagExtendCustomProducts\Subscriber\TypeFactory">
            <tag name="shopware.event_subscriber" />
        </service>

        <service id="swag_extend_custom_products.subscriber.file_type_decorator" class="SwagExtendCustomProducts\Subscriber\FileTypeDecorator">
            <argument type="service" id="service_container" />
            <tag name="shopware.event_subscriber" />
        </service>

    </services>

</container>