<?xml version="1.0" encoding="utf-8"?>
<container xmlns="http://symfony.com/schema/dic/services"
           xmlns:xsi="http://www.w3.org/2001/XMLSchema-instance"
           xsi:schemaLocation="http://symfony.com/schema/dic/services http://symfony.com/schema/dic/services/services-1.0.xsd">

        <services>
            <service id="b2b_sales_representative.client_repository"
                     class="B2bSalesRepresentativePlugin\Components\SalesRepresentative\ExtendSalesRepresentativeClientRepository">
                <argument type="service" id="dbal_connection" />
                <argument type="service" id="b2b_sales_representative.client_identity_loader"/>
                <argument type="service" id="b2b_common.repository_dbal_helper"/>
                <argument type="service" id="b2b_front_auth.login_context" />
                <argument type="service" id="b2b_front_auth.repository"/>
                <argument type="service" id="b2b_address.repository" />
            </service>

            <service id="b2b_sales_representative.repository"
                     class="B2bSalesRepresentativePlugin\Components\SalesRepresentative\ExtendSalesRepresentativeRepository">
                <argument type="service" id="dbal_connection"/>
                <argument type="service" id="b2b_sales_representative.client_repository"/>
            </service>

            <service id="b2b_contact.contact_authentication_identity_loader"
                     class="B2bSalesRepresentativePlugin\Components\Contact\ExtendContactAuthenticationIdentityLoader">
                <argument type="service" id="b2b_contact.repository"/>
                <argument type="service" id="b2b_debtor.debtor_repository"/>

                <tag name="b2b_front_auth.authentication_repository" />
            </service>

            <service id="b2b_debtor.debtor_authentication_identity_loader"
                     class="B2bSalesRepresentativePlugin\Components\Debtor\ExtendDebtorAuthenticationIdentityLoader">
                <argument type="service" id="b2b_debtor.debtor_repository"/>

                <tag name="b2b_front_auth.authentication_repository" />
            </service>

            <service id="b2b_sales_representative.client_identity_loader"
                     class="B2bSalesRepresentativePlugin\Components\SalesRepresentative\ExtendClientIdentityChainLoader">
                <argument type="collection" />
            </service>

            <service id="b2b_sales_representativ.frontend_template_extender" class="B2bSalesRepresentativePlugin\Subscriber\FrontendTemplateExtender">
                <tag name="shopware.event_subscriber"/>
            </service>
        </services>
</container>